respondent_id,weight,Q1,Q2,Q3_m1,Q3_m2,Q3_m3,Q3_m4,Q3_m5,Q3_m6,Q4
R00001,0.8015,2,4,5,6,1,2,,,1;2;5;6
R00002,1.6425,1,1,1,2,5,6,,,1;2;5;6
R00003,1.7883,2,3,1,3,5,,,,1;3;5
R00004,1.4994,1,1,2,4,8,,,,1;2;4;6;7;8
R00005,1.2936,2,1,6,7,8,2,,,2;3;4;6;7;8
R00006,1.7711,5,3,5,2,3,1,,,1;2;3;5;7;8
R00007,1.2662,1,3,1,2,7,3,4,,1;2;3;4;6;7
R00008,0.8103,2,4,2,3,5,1,4,,1;2;3;4;5;6;7
R00009,0.9097,5,2,1,8,5,2,,,1;2;3;5;6;8
R00010,0.5061,5,4,1,3,,,,,1;2;3;8
R00011,1.5438,5,2,4,3,,,,,3;4;6;7;8
R00012,1.5170,3,2,3,5,2,6,,,1;2;3;4;5;6
R00013,1.1148,1,1,1,3,8,,,,1;2;3;4;5;8
R00014,0.9274,1,2,8,4,2,3,1,,1;2;3;4;7;8
R00015,1.7354,4,4,3,2,5,4,1,,1;2;3;4;5;8
