respondent_id,weight,Q1,Q2,Q3_1,Q3_2,Q3_3,Q3_4,Q3_5,Q3_6,Q3_7,Q3_8,Q3_9,Q4_1,Q4_2,Q4_3,Q4_4,Q4_5,Q4_6,Q4_7,Q4_8
R00001,0.8015,2,4,1,1,0,0,1,1,0,0,0,1,1,0,0,1,1,0,0
R00002,1.6425,1,1,1,1,0,0,1,1,0,0,0,1,1,0,0,1,1,0,0
R00003,1.7883,2,3,1,0,1,0,1,0,0,0,0,1,0,1,0,1,0,0,0
R00004,1.4994,1,1,0,1,0,1,0,0,0,1,0,1,1,0,1,0,1,1,1
R00005,1.2936,2,1,0,1,0,0,0,1,1,1,0,0,1,1,1,0,1,1,1
R00006,1.7711,5,3,1,1,1,0,1,0,0,0,0,1,1,1,0,1,0,1,1
R00007,1.2662,1,3,1,1,1,1,0,0,1,0,0,1,1,1,1,0,1,1,0
R00008,0.8103,2,4,1,1,1,1,1,0,0,0,0,1,1,1,1,1,1,1,0
R00009,0.9097,5,2,1,1,0,0,1,0,0,1,0,1,1,1,0,1,1,0,1
R00010,0.5061,5,4,1,0,1,0,0,0,0,0,0,1,1,1,0,0,0,0,1
R00011,1.5438,5,2,0,0,1,1,0,0,0,0,0,0,0,1,1,0,1,1,1
R00012,1.5170,3,2,0,1,1,0,1,1,0,0,0,1,1,1,1,1,1,0,0
R00013,1.1148,1,1,1,0,1,0,0,0,0,1,0,1,1,1,1,1,0,0,1
R00014,0.9274,1,2,1,1,1,1,0,0,0,1,0,1,1,1,1,0,0,1,1
R00015,1.7354,4,4,1,1,1,1,1,0,0,0,0,1,1,1,1,1,0,0,1
